{"step": 0, "_timestamp": 1666770255.0795853, "_runtime": 33.11841630935669, "_step": 5, "sinkhorn_divergence": 8.711082458496094, "rbf_mmd": 0.09718867391347885, "l2_drug_signature": 2.5541203022003174}