{"step": 1, "_timestamp": 1666773528.908218, "_runtime": 3306.9470489025116, "_step": 11, "sinkhorn_divergence": 14295.416015625, "rbf_mmd": 0.5310770869255066, "l2_drug_signature": 119.43375396728516, "_wandb": {"runtime": 3306}}