{"step": 0, "_timestamp": 1666773439.2437038, "_runtime": 35.42492079734802, "_step": 5, "sinkhorn_divergence": 3.758057117462158, "rbf_mmd": 0.024892102926969528, "l2_drug_signature": 0.9758005142211914}