{"step": 0, "_timestamp": 1666775927.7527254, "_runtime": 33.0811402797699, "_step": 5, "sinkhorn_divergence": 3.9688940048217773, "rbf_mmd": 0.04154764115810394, "l2_drug_signature": 1.2728033065795898}