{"step": 0, "_timestamp": 1666776197.0002654, "_runtime": 34.23952341079712, "_step": 5, "sinkhorn_divergence": 9.071584701538086, "rbf_mmd": 0.09100192040205002, "l2_drug_signature": 2.5553982257843018}