{"step": 1, "_timestamp": 1666742544.6212456, "_runtime": 3150.581304550171, "_step": 11, "sinkhorn_divergence": 2465.771728515625, "rbf_mmd": 0.5562671422958374, "l2_drug_signature": 49.33140182495117, "_wandb": {"runtime": 3150}}