{"step": 1, "_timestamp": 1666771982.4628356, "_runtime": 3190.642760515213, "_step": 11, "sinkhorn_divergence": 483.46856689453125, "rbf_mmd": 0.6533169746398926, "l2_drug_signature": 21.850921630859375, "_wandb": {"runtime": 3190}}