{"step": 0, "_timestamp": 1666768829.6533697, "_runtime": 37.83329463005066, "_step": 5, "sinkhorn_divergence": 5.571412563323975, "rbf_mmd": 0.06800930202007294, "l2_drug_signature": 1.8752855062484741}