{"step": 1, "_timestamp": 1666773567.9311206, "_runtime": 3423.205555677414, "_step": 11, "sinkhorn_divergence": 10316.8447265625, "rbf_mmd": 0.5258678197860718, "l2_drug_signature": 101.38095092773438, "_wandb": {"runtime": 3422}}