{"step": 0, "_timestamp": 1666770179.3847032, "_runtime": 34.659138202667236, "_step": 5, "sinkhorn_divergence": 8.706585884094238, "rbf_mmd": 0.09714400768280029, "l2_drug_signature": 2.5532424449920654}