{"step": 0, "_timestamp": 1666770047.6228418, "_runtime": 37.205974817276, "_step": 5, "sinkhorn_divergence": 5.572632312774658, "rbf_mmd": 0.06802761554718018, "l2_drug_signature": 1.8756109476089478}