{"step": 1, "_timestamp": 1666773374.2181463, "_runtime": 3363.8012793064117, "_step": 11, "sinkhorn_divergence": 819.2763061523438, "rbf_mmd": 0.6128836870193481, "l2_drug_signature": 28.41182518005371, "_wandb": {"runtime": 3363}}