{"step": 0, "_timestamp": 1666773591.0256417, "_runtime": 34.94293165206909, "_step": 5, "sinkhorn_divergence": 5.900571823120117, "rbf_mmd": 0.06191772222518921, "l2_drug_signature": 1.7591841220855713}