{"step": 0, "_timestamp": 1666775274.0570073, "_runtime": 32.576274394989014, "_step": 5, "sinkhorn_divergence": 12.672845840454102, "rbf_mmd": 0.1453646868467331, "l2_drug_signature": 3.2131056785583496}