{"step": 1, "_timestamp": 1666739492.010151, "_runtime": 3391.3891530036926, "_step": 11, "sinkhorn_divergence": 74.7712173461914, "rbf_mmd": 0.8633655309677124, "l2_drug_signature": 7.274586200714111, "_wandb": {"runtime": 3390}}