{"step": 1, "_timestamp": 1666772499.3316603, "_runtime": 3248.8567173480988, "_step": 11, "sinkhorn_divergence": 15220.7158203125, "rbf_mmd": 0.5267148017883301, "l2_drug_signature": 123.23004913330078, "_wandb": {"runtime": 3248}}