{"step": 0, "_timestamp": 1666769288.8362453, "_runtime": 38.36130237579346, "_step": 5, "sinkhorn_divergence": 3.3514111042022705, "rbf_mmd": 0.03186357766389847, "l2_drug_signature": 1.138745903968811}