{"step": 1, "_timestamp": 1666775063.0312526, "_runtime": 3355.1476407051086, "_step": 11, "sinkhorn_divergence": 875.564453125, "rbf_mmd": 0.6576875448226929, "l2_drug_signature": 29.490543365478516, "_wandb": {"runtime": 3354}}