{"step": 0, "_timestamp": 1666775127.195617, "_runtime": 33.722315073013306, "_step": 5, "sinkhorn_divergence": 12.67696762084961, "rbf_mmd": 0.14540040493011475, "l2_drug_signature": 3.2137506008148193}