{"step": 1, "_timestamp": 1666772855.6141465, "_runtime": 3346.271408557892, "_step": 11, "sinkhorn_divergence": 785.8128051757812, "rbf_mmd": 0.6350688338279724, "l2_drug_signature": 27.871910095214844, "_wandb": {"runtime": 3345}}