{"step": 0, "_timestamp": 1666769548.3021913, "_runtime": 38.95945334434509, "_step": 5, "sinkhorn_divergence": 5.567087173461914, "rbf_mmd": 0.06795161217451096, "l2_drug_signature": 1.8741329908370972}