{"step": 0, "_timestamp": 1666773439.1518118, "_runtime": 35.278647899627686, "_step": 5, "sinkhorn_divergence": 5.897985458374023, "rbf_mmd": 0.061875373125076294, "l2_drug_signature": 1.758448600769043}