{"step": 0, "_timestamp": 1666770150.0312335, "_runtime": 35.59625458717346, "_step": 5, "sinkhorn_divergence": 3.357163429260254, "rbf_mmd": 0.03197995945811272, "l2_drug_signature": 1.1412699222564697}