{"step": 1, "_timestamp": 1666773375.154574, "_runtime": 3260.7195949554443, "_step": 11, "sinkhorn_divergence": 4000.676025390625, "rbf_mmd": 0.6102704405784607, "l2_drug_signature": 63.155696868896484, "_wandb": {"runtime": 3260}}