{"step": 0, "_timestamp": 1666768431.918578, "_runtime": 39.806777000427246, "_step": 5, "sinkhorn_divergence": 9.013654708862305, "rbf_mmd": 0.07876672595739365, "l2_drug_signature": 2.4453628063201904}