{"step": 0, "_timestamp": 1666767781.7611005, "_runtime": 37.91776156425476, "_step": 5, "sinkhorn_divergence": 9.006481170654297, "rbf_mmd": 0.07870028913021088, "l2_drug_signature": 2.4438931941986084}