{"step": 1, "_timestamp": 1666770876.47911, "_runtime": 3132.635771036148, "_step": 11, "sinkhorn_divergence": 10.961806297302246, "rbf_mmd": 0.19731341302394867, "l2_drug_signature": 2.497436046600342, "_wandb": {"runtime": 3132}}