{"step": 1, "_timestamp": 1666755615.058117, "_runtime": 3386.6607258319855, "_step": 11, "sinkhorn_divergence": 44.56703567504883, "rbf_mmd": 0.833737313747406, "l2_drug_signature": 5.715397834777832, "_wandb": {"runtime": 3386}}