{"step": 0, "_timestamp": 1666773631.117174, "_runtime": 33.4621160030365, "_step": 5, "sinkhorn_divergence": 12.684015274047852, "rbf_mmd": 0.14545685052871704, "l2_drug_signature": 3.2148430347442627}