{"step": 0, "_timestamp": 1666774198.1646705, "_runtime": 33.345303535461426, "_step": 5, "sinkhorn_divergence": 12.674036026000977, "rbf_mmd": 0.1453733742237091, "l2_drug_signature": 3.2132911682128906}