{"step": 1, "_timestamp": 1666752196.774547, "_runtime": 3197.788843154907, "_step": 11, "sinkhorn_divergence": 46477.90625, "rbf_mmd": 0.4965662956237793, "l2_drug_signature": 215.4464111328125, "_wandb": {"runtime": 3197}}