{"step": 1, "_timestamp": 1666761535.7833114, "_runtime": 3108.9614202976227, "_step": 11, "sinkhorn_divergence": 202.01358032226562, "rbf_mmd": 0.6384085416793823, "l2_drug_signature": 14.073750495910645, "_wandb": {"runtime": 3108}}